,0,1
0,"Look for  Solar power in the United States'  on one of Wikipedia's  :  (free dictionary)  (free textbooks)  (quotations)  (free library)  (free learning resources)  (images and media)  (free travel guide)  (free news source)  (free linked database)  Wikipedia does not have an article with this exact name.  Please  to check for alternative titles or spellings.  to start the  Solar power in the United States'  article, alternatively use the  , or  .  in existing articles.  .  Other reasons this message may be displayed:  If a page was recently created here, it may not be visible yet because of a delay in updating the database; wait a few minutes or  .  Titles on Wikipedia are  except for the first character; please  and consider adding a  here to the correct title.  If the page has been deleted,  , and see  .",
1,,(free dictionary)
2,,(free textbooks)
3,,(quotations)
4,,(free library)
5,,(free learning resources)
6,,(images and media)
7,,(free travel guide)
8,,(free news source)
9,,(free linked database)
